{
  "images" : [
    {
      "idiom" : "iphone",
      "scale" : "1x"
    },
    {
      "idiom" : "iphone",
      "scale" : "2x",
      "filename" : "email-icon@2x.png"
    },
    {
      "idiom" : "iphone",
      "scale" : "3x",
      "filename" : "email-icon@3x.png"
    },
    {
      "idiom" : "ipad",
      "scale" : "1x",
      "filename" : "email-icon@2x-1.png"
    },
    {
      "idiom" : "ipad",
      "scale" : "2x",
      "filename" : "email-icon@2x-2.png"
    }
  ],
  "info" : {
    "version" : 1,
    "author" : "xcode"
  }
}