{
  "images" : [
    {
      "extent" : "full-screen",
      "idiom" : "iphone",
      "subtype" : "736h",
      "filename" : "spls-1242x2208.png",
      "minimum-system-version" : "8.0",
      "orientation" : "portrait",
      "scale" : "3x"
    },
    {
      "extent" : "full-screen",
      "idiom" : "iphone",
      "subtype" : "667h",
      "filename" : "spls-750x1334.png",
      "minimum-system-version" : "8.0",
      "orientation" : "portrait",
      "scale" : "2x"
    },
    {
      "orientation" : "portrait",
      "idiom" : "iphone",
      "extent" : "full-screen",
      "minimum-system-version" : "7.0",
      "filename" : "spls-640x960.png",
      "scale" : "2x"
    },
    {
      "extent" : "full-screen",
      "idiom" : "iphone",
      "subtype" : "retina4",
      "filename" : "spls-640x1136.png",
      "minimum-system-version" : "7.0",
      "orientation" : "portrait",
      "scale" : "2x"
    },
    {
      "orientation" : "portrait",
      "idiom" : "ipad",
      "extent" : "full-screen",
      "minimum-system-version" : "7.0",
      "filename" : "spls_768x1024.png",
      "scale" : "1x"
    },
    {
      "orientation" : "portrait",
      "idiom" : "ipad",
      "extent" : "full-screen",
      "minimum-system-version" : "7.0",
      "filename" : "spls_1536x2048.png",
      "scale" : "2x"
    }
  ],
  "info" : {
    "version" : 1,
    "author" : "xcode"
  }
}