{
  "images" : [
    {
      "idiom" : "iphone",
      "scale" : "1x"
    },
    {
      "idiom" : "iphone",
      "scale" : "2x",
      "filename" : "vinscanner@2x.png"
    },
    {
      "idiom" : "iphone",
      "scale" : "3x",
      "filename" : "vinscanner@3x.png"
    },
    {
      "idiom" : "ipad",
      "scale" : "1x",
      "filename" : "vin-scanner@1x.png"
    },
    {
      "idiom" : "ipad",
      "scale" : "2x",
      "filename" : "vin-scanner@2x.png"
    }
  ],
  "info" : {
    "version" : 1,
    "author" : "xcode"
  }
}