{
  "images" : [
    {
      "idiom" : "iphone",
      "scale" : "1x"
    },
    {
      "idiom" : "iphone",
      "scale" : "2x",
      "filename" : "log-out@2x.png"
    },
    {
      "idiom" : "iphone",
      "scale" : "3x",
      "filename" : "log-out@3x.png"
    },
    {
      "idiom" : "ipad",
      "scale" : "1x",
      "filename" : "log-out@2x-1.png"
    },
    {
      "idiom" : "ipad",
      "scale" : "2x",
      "filename" : "log-out@3x-1.png"
    }
  ],
  "info" : {
    "version" : 1,
    "author" : "xcode"
  }
}